提報日期,申請部門,申請人員,採購品項與規格,數量,預估單價,需求期限,急迫等級,備註說明
2026-04-02,業務處,陳健一,羅技無線簡報雷射筆,3,750,2026-04-25,高,展覽推廣用
2026-04-02,業務處,陳健一,展場手提展示立架,2,1200,2026-04-25,高,展覽推廣用
2026-04-03,研發處,張副理,金士頓 32GB DDR5 記憶體,2,2850,2026-04-15,緊急,RD-2026-B 測試機
2026-04-03,研發處,張副理,美光 Micron 2TB NVMe SSD,1,3600,2026-04-15,緊急,RD-2026-B 測試機
2026-04-05,人資處,許美惠,新人培訓文具包(15套),15,180,2026-04-20,中,4月下旬梯次
2026-04-05,人資處,許美惠,曼特寧研磨咖啡豆(包),6,380,2026-04-12,高,茶水間常備
2026-04-05,人資處,許美惠,專用咖啡濾紙(盒),4,95,2026-04-12,高,茶水間常備
2026-04-07,企劃處,郭總監,會議室投影機高亮度燈泡,1,4500,2026-04-30,中,含安裝與稅
2026-04-08,財務處,李專員,請購憑證專用紙(箱),10,520,2026-04-30,中,月底結帳用
2026-04-08,財務處,李專員,憑證打孔專用夾(盒),20,85,2026-04-30,中,月底結帳用
2026-04-09,客服處,周主任,Jabra 降噪耳機麥克風,4,1650,2026-04-15,緊急,值勤急需防客訴
