訂單編號,銷售日期,銷售通路,產品編號,銷售數量,實收單價,交易狀態,客戶備註
ORD-2026-001,2026-01-05,官網商城,SKU-A101,3,1580,正常完成,免運優惠
ORD-2026-002,2026-01-07,台北信義門市,SKU-A102,1,3880,正常完成,現場刷卡
ORD-2026-003,2026-01-10,Momo購物網,SKU-B201,2,2280,正常完成,年貨節活動
ORD-2026-004,2026-01-14,蝦皮商城,SKU-C301,5,890,正常完成,折價券折抵
ORD-2026-005,2026-01-18,台中旗艦門市,SKU-A102,2,3880,正常完成,VIP客戶
ORD-2026-006,2026-01-22,官網商城,SKU-B202,1,4500,已退貨,尺寸不合退換
ORD-2026-007,2026-01-28,Momo購物網,SKU-A101,4,1580,正常完成,整箱採購
ORD-2026-008,2026-02-03,台北信義門市,SKU-B201,3,2280,正常完成,現場提貨
ORD-2026-009,2026-02-09,蝦皮商城,SKU-C302,2,1250,已退貨,商品外箱破損
ORD-2026-010,2026-02-14,官網商城,SKU-A102,1,3880,正常完成,情人節活動
ORD-2026-011,2026-02-18,台中旗艦門市,SKU-B202,2,4500,正常完成,新品體驗
ORD-2026-012,2026-02-23,Momo購物網,SKU-C301,10,890,正常完成,企業採購
ORD-2026-013,2026-03-02,官網商城,SKU-A101,2,1580,正常完成,會員回購
ORD-2026-014,2026-03-08,台北信義門市,SKU-C302,4,1250,正常完成,門市特惠
ORD-2026-015,2026-03-12,蝦皮商城,SKU-B201,1,2280,已退貨,買錯型號
ORD-2026-016,2026-03-18,Momo購物網,SKU-A102,3,3880,正常完成,限時促銷
ORD-2026-017,2026-03-22,台中旗艦門市,SKU-C301,6,890,正常完成,現場選購
ORD-2026-018,2026-03-25,官網商城,SKU-B202,2,4500,正常完成,春季特惠
ORD-2026-019,2026-03-29,台北信義門市,SKU-A101,5,1580,正常完成,公司活動贈品
ORD-2026-020,2026-03-31,Momo購物網,SKU-B201,4,2280,正常完成,季末大促
